umbell-;umbelli-
mari-
cost-;costi-;costo-
-opsis
stat-
-tron
hema-;haema-
sur-
mast-;masto-
-fication
salping-;salpingo-
-ic
caud-;caudi-;caudo-
strati-
pedi-;pedi-;pedo-
ot-;oto-
ergat-;ergato-
ampho-
alumin-;alumino-
-pnea;-pnoea
-trichous
-cerus
poli-;polio-
-theism
clavi-;clavo-
ilio-
fissi-
-grapher
-thermous
ischi-;ischio-
-en
-cy
troch-;trocho-
pericardi-;pericardio-;pericardo-
opto-
hemi-
-illa
tris-
-hedron;-hedrons;-hedra
ichn-;ichno-
-cole
-stome
phys-;physo-
calyptri-;calyptro-
ec-
-lalia
supra-
-colous
-ode
-graphic
laryng-;laryngo-
-inae
-ese
-tome
corne-;corneo-
macr-;macro-
-coline
-pelmous
-stelic
-odonty
ovari-;ovario-;ovar-
ophi-;ophio-
-ier
-therm
matr-;matri-;matro-
pel-;pelo-
trachel-;trachelo-
-plegia
-glot
-melus
hendeca-
-plast
troph-;tropho-
-pleura
esthesio-;aesthesio-
steth-
path-;patho-
pisci-
onomato-
siphon-;siphono-;siphoni-
sacchar-;sacchari-;saccharo-
-id
mon-;mono-
liss-;lisso-
iatro-
cario-
-idrosis;-idroses
melano-;melano-;melam-
-chore
fluo-
plesi-;plesio-
-phyta
-ped
trachy-
-fugal
ethmo-
-oid
-onychium
sarc-;sarco-
culic-
bronchi-;bronchio-
-chorous
physi-;physio-
lan-;lani-;lano-
larvi-
-oma
christo-
-onymy
-esque
-ichthys
pre-
but-;buto-
ozon-;ozono-
-toma
-orexia
stern-;sterno-
soredi-
-tribe
cen-;ceno-;caen-;caeno-
dactylio-
embryon-;embryoni-
proso-
super-
soli-
thyreo-
butyr-;butyro-
pinnati-
-sophy
-ennial
col-;coli-;colo-
lepo-
-osteus
per-
-odea
ken-;keno-
tonsill-;tonsilo-
chor-;choro-
terat-;terato-
seti-
chyl-;chyli-;chylo-
hoplo-
chori-;chorio-
habro-
-spongia
megal-;megalo-
-ent
therio-
-gnosy
phyt-;phyto-
duoden-;duodeno-
-ornis
lyo-
-pathia
-melia
centr-;centro-
-iform
-tricha
nem-;nema-;nemo-
-sperma
labio-
phosphor-;phosphoro-
-ineae
ennea-
-onyx
gall-;gallo-
rumeno-
postero-
-sporium
-tactic
oophor-;oophoro-
-lepis
eid-
-stomum
turbo-
franco-
mell-;melli-
ald-;aldo-
scroful-;scrofulo-
quint-;quinti-
touch-
sept-;septi-
achro-;achroo-
-sorus
-florous
-ify
-odon
-idae
trop-;tropo-
-ious
syring-;syringo-
hadr-;hadro-
-gnathous
-somic
-gnathus
kilo-
-coccus
tetan-;tetano-
corono-
membran-;membrani-;membrano-
hyper-
-praxis
pneumon-;pneumono-
-theria
epiderm-;epidermo-
pelv-;pelvi-;pelvo-
galvano-
-sarc
top-;topo-
sperm-;spermo-;sperma-;spermi-
pleur-;pleuri-;pleuro-
zon-;zono-
-thecium
-lithic
grano-
ock
sub-
plumb-;plumbo-
-trichy
the-;theo-
-later
gam-;gamo-
periton-
-crania
-act
molybd-;molybdo-
cocc-;cocci-;cocco-
plut-;pluto-
-fuge
albumin-;albumini-;albumino-
ther-;thero-
-centric
-cleisis;-clisis
cupr-;cupro-
ostre-;ostrei-;ostreo-
re-
-phil
pauci-
condyl-;condylo-
cine-
zinco-
sino-
case-;caseo-
coni-;conio-
sino-;sinu-
pharmaco-
sex-;sexi-
-phoric
immuno-
-phemia
-fest
-ful
later-;lateri-;latero-
-gyny
-cele
spongi-;spongio-
-manship
palato-
spondyl-;spondylo-
ammoni-;ammonio-
para-;par-
-lexia
sinistr-;sinistro-
-pore
ferri-
spectro-
toxic-;toxico-
allox-
flori-
-phobic
gastr-;gastro-;gastri-
hebe-
sphen-;spheno-
sten-;steno-
splen-;spleno-
epilept-;epilepti-;epilepto-
penta-;pent-;pen-
theatro-
-lytic
-le
taen-;taeni-;taenio-
-ium
hexa-;hex-
bath-;batho-
sesqui-
-pagus
pelag-;pelago-
-itol
cell-;cello-
cosm-;cosmo-
-hippus
ossi-
phthisio-
phren-;phreni-;phreno-
-ing
lamell-;lamelli-
-corax
coraco-
-er
homal-;homalo-
-specific
-ope
rani-
pene-;pen-
-ide
di-
pneum-;pneumo-
ter-
aza-;az-
gluc-;gluco-
fluor-;fluoro-
be-
abdomin-;abdomino-
-itis
-phorous
-sect
chion-;chiono-;chio-
intro-
-therium
quater-
axi-
-phone
thalam-;thalamo-
-sis
opisth-;opistho-
stib-;stibi-;stibio-;stibo-
traumat-
pico-
nos-;noso-
cephal-;cephalo-
chel-;cheli-
afr-;afro-
meri-
out-
thyr-;thyro-
phot-;photo-
paed-;paedo-;ped-;pedo-;paid-;paido-
-corn
-meal
pod-;podo-
paludi-
cobalto-
-genetic
co-
ocul-;oculo-
strepsi-
nano-
granul-;granuli-;granulo-
pomi-
medus-;medusi-
-state
anti-
-theca
-chromasia
spin-;spini-;spino-
sympathico-
kata-;kat-
glomerul-;glomerulo-
dino-
pyren-;pyreno-
-poiesis
nitr-;nitro-
leio-;lio-
phenanthr-;phenanthro-;phenanthra-
onco-
scyt-;scyto-
phleb-;phlebo-
syn-;sym-
bothri-;bothrio-
trich-;tricho-
-ote
-phorus
-clasia
pharyng-;pharyngo-
laur-;lauro-
-clasis
-gam
-gamic
-scope
-gon
peripher-;periphero-
tera-
-somata
chir-;chiro-;cheir-;cheiro-
ent-;ento-
-lepsy
tibio-
gallo-;gallo-
cato-
spir-;spiri-;spiro-
-lepsis
-cracy
-techny
-chronous
phyll-;phyllo-
amphi-;amph-
-genin
-chilia
chrom-;chromo-
loco-
cym-;cymo-;kym-;kymo-
-pepsia
-trema
quadri-;quadr-;quadru-
-iferous
blast-;blasto-
tri-
cardi-;cardia-;cardio-
secret-;secreto-
rere-
phoro-
herpet-;herpeto-
epithel-;epithelio-
-poietic
mercuri-
-pepsy
amnio-
strato-
-phytic
-stomatous
-iatric
mega-;meg-
chalc-;chalco-;chalk-;chalko-
-crat
ostrac-;ostraco-
chamae-;chame-
-loph
-merism
-cline
picr-;picro-
thi-;thio-
-clinal
ferro-
octa-;octo-;oct-
-thymia
-formes
counter-
arsen-;arseno-
sero-
-ome
-hood
-stomous
retro-
-para
aeri-
phyl-;phylo-
heli-;helio-
-iasis
stere-;stereo-
com-;col-;con-;cor-
-al
-encephalous
meli-
pyrrh-;pyrrho-;pyrro-
oste-;osteo-
actinio-
tellur-;telluri-;telluro-
-ose
heter-;hetero-
staphyl-;staphylo-
-lysis
thion-;thiono-
hal-;halo-
reticul-;reticulo-;reticuli-
-fic
cion-;ciono-
sphygmo-
endotheli-;endothelio-
cerat-;cerato-;kerat-;kerato-
-kinesia
lag-;lago-
-ster
-opsy
mercur-;mercuro-
oxy-
mini-
phthal-;phthalo-
-ive
-cercal
scel-;scelo-
-styly
-chord
thec-;theci-;theco-
grapho-
-ite
not-;noto-
ultra-
-ostraca
ligul-;liguli-
therm-;thermo-
febri-
corm-;cormo-
cylindr-;cylindro-
-iatrist
thym-;thymo-
fruti-
selen-;seleno-;seleni-
helminth-;helmintho-
-pora
-spermum
-esis
-ion
glycer-;glycero-
stamin-;stamini-
parv-;parvi-;parvo-
spatio-
-ist
sci-;scio-;scia-;skia-
haemat-;haemato-;hemat-;hemato-;haemat-;haemato-
-spermy
tono-
nor-
pistill-
phello-
-clinium
-dactylia;-dactyly
thalass-;thalasso-
-cotyl
-soma
-carpic;-carpous
-trichi
ophthalm-;ophthalmo-
-semic
-istic;-istical
-kinesis
