hect-;hecto-
petr-;petri-;petro-
biblio-
-gen
ideo-
gyr-;gyro-
papill-
sider-;sidero-
lact-;lacti-;lacto-
dynam-;dynamo-
-mere
-odes
-phyre
decem-
acet-;aceto-
anem-;anemo-
-rrhaphy
myria-
nan-;nano-
gravi-
end-;endo-
elasm-;elasmo-
andr-;andro-
-ase
arteri-;arterio-
-derm
agro-
-agogue;-agog
acou-;acouo-
aleuro-
bulb-;bulbo-
bili-
-ad
brady-
brom-;bromo-
-grade
bdell-;bdello-
aphan-;aphano-
hem-;hemo-;hemi-;haem-;haemo-
carb-;carbo-
-form
digiti-
-ule
deci-
nicotin-
entom-;entomo-
-lite;-lyte
-escent
cet-;ceto-
galact-;galacto-
-trophy
vivi-
ec-;eco-;oec-;oeco-;oiko-
argent-;argenti-;argento-
rhomb-;rhombo-
acr-;acro-;akr-;akro-
-eer
nephel-;nephelo-
aristo-
-vore
nucle- nucleo-;nuclei-
-escence
verd-;verdo-
-tude
encephal-;encephalo-
-tropy
-xene
ventr-;ventri-;ventro-
-eme
-ville
hect-;hecto-
melo-
milli-
tartr-;tartro-
hist-;histo-
hypn-;hypno-
-itic
socio-
glypt-;glypto-
servo-
bdell-;bdello-
choreo-;chore-;chorio-
-gen;-gene
sulfa-;sulf-;sulpha-;sulph-
-fer
radio-
pectin-;pectini-
historio-
sanguino-
-drome
hernio-
cervi-
plasm-;plasmo-
-phyll
om-;omo-
hyster-;hystero-
cinnam-
lev-;levo-;laev-;laevo-
archi-;arch-
sanguini-
spermat-;spermato-
pant-;panto-;panta-
adren-;adreno-
mano-
tann-;tanno-
bronch-;broncho-
-plasty
carb-;carbo-
oxal-;oxalo-
thorac-;thoraci-;thoraco-
-theist
-trope
ox-;oxo-
lob-;lobi-;lobo-
ole-;oleo-;olei-
cyst-;cysti-;cysto-
ori-
des-
-iatry
curvi-
carp-;carpo-
centi-
ethno-
-graph
sulf-;sulfo-;sulph-;sulpho-
-clase
acr-;acro-;akr-;akro-
geront-;geronto-
temporo-
sangui-
-factive
end-;endo-
odont-;odonto-
brom-;bromo-
phlor-;phloro-
nymph-;nympho-;nymphi-
-lobus
-in
phosph-;phospho-
tribo-
alumin-;alumino-
-theism
-ode
corne-;corneo-
macr-;macro-
-plast
troph-;tropho-
steth-
-esque
dactylio-
chyl-;chyli-;chylo-
-iform
turbo-
ald-;aldo-
kilo-
corono-
membran-;membrani-;membrano-
galvano-
-fuge
albumin-;albumini-;albumino-
-phil
cine-
sino-
case-;caseo-
-cele
-phobic
epilept-;epilepti-;epilepto-
cell-;cello-
meri-
-genetic
peripher-;periphero-
-lepsy
gallo-;gallo-
-lepsis
-cracy
-techny
chrom-;chromo-
loco-
cym-;cymo-;kym-;kymo-
chalc-;chalco-;chalk-;chalko-
-crat
picr-;picro-
heter-;hetero-
staphyl-;staphylo-
hal-;halo-
-fic
-cercal
grapho-
-iatrist
-istic;-istical
