-zygous
-ata
igni-
-itious
-logy
quater-
ennea-
apo-;ap-;aph-
deut-;deuto-
-aster
sub-
cobalto-;cobalti-
citr-;citri-;citro-
myri-;myrio-
ect-;ecto-
-ish
bacteri-;bacterio-
-let
alti-
anem-;anemo-
silic-;silico-
-otic
gyr-;gyro-
heli-;helio-
-urgy
rhiz-;rhizo-
-mycete
-osis
-cy
corne-;corneo-
hist-;histo-
neur-;neuro-
centr-;centro-
-age
-nomy
-dromous
ornith-;ornitho-
ferri-;ferro-
ambi-
-tropism
selen-;seleno-;seleni-
equi-;aequi-
-bacter
-grade
historio-
-le
arch-;archi-
-plast
prot-;proto-
-gnostic;-gnostical
hem-;hemo-;hema-;hemi-;haem-;haemo-;haema-
lati-
patr-;patri-;patro-
cycl-;cyclo-
hyper-
multi-
acar-;acari-;acaro-
de-
spectro-
-itic
-lytic
be-
-opia
-gerous
-hood
-chord
organ-;organo-
deoxy-;desoxy-
andr-;andro-
-dactylous
lip-;lipo-
fungi-
-itis
-eer
-cola
-clinous
schisto-
tox-;toxi-;toxo-
-tropous
sci-;scio-;scia-;skia-
sacchar-;sacchari-;saccharo-
-limnion
ultramicro-
longi-
lymph-;lympho-
-ulum;-ulus
pneumon-;pneumono-
pro-
-blastic
peri-
chord-;chordo-
Germano-
dactyl-;dactylo-
pollin-;pollini-
musico-
scler-;sclero-
sesqui-
-phyll
-techny
aeri-
-ization
vertebr-;vertebro-
-lalia
crystall-;crystallo-
-cercal
-megaly
chaet-;chaeto-;-chaeta
-pterous
-ese
-clinal
-an;-ian;-ean
brachi-;brachio-
morph-;morpho-
lact-;lacti-;lacto-
counter-
uni-
hypo-;hyp-
-hedron
-schisis
pter-;ptero-
nulli-
auri-;auro-
noci-
mer-
tubuli-
-state
-colous
-coele;-coel;-cele
-ac
plasto-
agro-
grapho-
brady-
kinet-;kineto-;cinet-;cineto-
-ide
sider-;sidero-
ventr-;ventri-;ventro-
arteri-;arterio-
aut-;auto-
pico-
russo-
-podous
-ol
kary-;karyo-;cary-;caryo-
-crat
ge-;geo-
tetart-;tetarto-
pulmo-;pulmon-;pulmoni-;pulmono-
thalass-;thalasso-
-gamy;-gamous
peripher-;periphero-
duo-
trache-;tracheo-
-ite
-ole;-ol
aqui-;aqua-
not-;noto-
achro-;achroo-
-metry
quint-;quinti-
acuti-
erythr-;erythro-
xyl-;xylo-
phyll-;phyllo-
sympatho-;sympathico-
spir-;spiri-;spiro-
hol-;holo-
pneumat-;pneumato-
vermi-
deci-
anom-;anomo-
-cardia
mis-;miso-
-orial
galact-;galacto-
ter-
lalo-
penta-;pent-;pen-
mnem-;mnemo-
di-
zinco-
-eous
oste-;osteo-
-phyllous
-limnia
-chromy
choreo-;chore-;chorio-
sur-
afr-;afro-
-ative
-opsia
-acean
-rrhagia
-facient
phon-;phono-;-phone
-pod
super-
-florous
milli-
petr-;petri-;petro-
-or
cardi-;cardia-;cardio-
symbolo-
supra-
capsul-;capsuli-;capsulo-
contra-
-stomous
dent-;denti-;dento-
atri-;atrio-
calori-
-oma
homin-;homini-
-ade
cyan-;cyano-;-cyan
irid-;irido-
cervic-;cervici-;cervico-
tax-
phag-;phago-
oro-
ori-
osse-;osseo-;ossi-
mis-
elast-;elasto-
meli-
-phil
-en
-therm
-osma
-ic
pre-
pyret-;pyreto-
ven-;veni-;veno-
plut-;pluto-
derm-;derma-;dermo-;dermat-;dermato-
-ful
-theist
cry-;cryo-;kryo-
-vore
-ette
chromat-;chromato-
-mycin
cyn-;cyno-
sympathetico-
chrom-;chromo-
reni-;reno-
-arch
-phoresis
noct-;nocti-;nocto-
ob-
vapori-
penni-;penno-
alg-;algo-
ana-;an-
ali-
trans-
-on
self-
atm-;atmo-
-genetic
nitr-;nitro-
-aceae
-kin;-kins;-kins
myc-;myco-
helo-
skelet-;skeleto-
lingu-;lingua-;lingui-;linguo-
-cle
alb-;albo-
-ate
-phorous
-cnemia;-cnemic
-ene
-ule
-scope
-ory
metall-;metallo-;metalli-
branchi-;branchio-
automat-
ped-;pedi-;pedo-
-ville
gastr-;gastro-;gastri-
-phyllum
ultra-
pericardi-;pericardio-;pericardo-
dia-;di-
-ling
meta-
plumb-;plumbo-
poro-
kin-;kine-;kino-;cin-;cino-
son-
medi-;medio-
thanat-;thanato-
bacill-;bacilli-;bacillo-
-fic
-ulent
-onym
syn-;sym-
amphi-;amph-;ampho-
-ing
-phyte
arche-
path-;patho-
-dermis
stom-;stomo-
argent-;argenti-;argento-
zym-;zymo-
-algia;-algy
-acousia;-acusia
amorph-;amorpho-
myria-
vivi-
-chroic;-chroous
arithmo-
carcin-;carcino-
-one
cet-;ceto-
mal-
-ula
-pore
-lyze;-lyse
osm-;osmo-
-fest
dich-;dicho-
-poiesis
silici-
-kinesis
-etum
hipp-;hippo-
pluri-
audit-;audito-
-plegia
mela-;mel-;melo-
all-;allo-
-tome
aer-;aero-
-pora
opto-
-scopic
thorac-;thoraci-;thoraco-
bronchi-;bronchio-
vitell-;vitello-
pelag-;pelago-
sex-;sexi-;sexti-
temporo-
matr-;matri-;matro-
blast-;blasto-
membran-;membrani-;membrano-
melano-;melano-;melam-
-ician
ent-;ento-
carp-;carpo-
sarc-;sarco-
pachy-
tetra-
Amer-;Amero-
-ast
glyc-;glyco-
-somata
actin-;actini-;actino-
mon-;mono-
pneum-;pneumo-
anglo-
-typy
omn-;omni-
tonsill-;tonsilo-
luci-
-stoma
-form
vascul-;vasculo-
glycer-;glycero-
acr-;acro-;akr-;akro-
-latry
hom-;homo-
digiti-
-graph
-tactic
ab-
-dermia
hexa-;hex-
gluc-;gluco-
pinnati-
cac-;caco-
