-aceous
-facient
-polis
-vorous
xen-;xeno-
-pathy
circum-
-arium
trans-
-ancy
-ulum
gingiv-;gingivo-
-aholic;-oholic
ambi-
ana-;an-
fructi-
juxta-
pluri-
malac-;malaco-
-arian
lign-;ligni-;ligno-
xyl-;xylo-
flav-;flavo-
caul-;cauli-;caulo-
ankyl-;ankylo-;anchyl-;anchylo-;ancyl-;ancylo
extro-
-eta
-adelphous
amygdal-;amygdalo-
-aetus
-acousia;-acusia
fusi-
angusti-
ambly-;amblyo-
capri-
ali-
-tene
ambi-
arche-
-angium
-etum
arthr-;arthro-
-anthes
aqui-;aqua-
-acea
-anthemum
calc-;calci-;calco-
anom-;anomo-
calli-;callo-;cali-;calo-
amphi-;amph-;ampho-
acar-;acari-;acaro-
-aceae
-acanthus
-ander;-andra;-andria;-androus;-andry
anopl-;anoplo-
balne-, balneo-
brachi-;brachio-
fuso-
allant-;allanto-
-ales
-anthera;-antherous;-anthery
brevi-
anis-;aniso-
carboni-
-anthema
adel-;adelo-
angi-;angio-
aeto-
-alia
adip-;adipo-
arto-
calori-
anth-;antho-
agam-;agamo-
ailur-;ailuro-;aelur-;aeluro-
-ana;-iana
anthrac-;anthraco-
bronch-, broncho-
anomal-;anomali-;anomalo-
amyl-;amylo-
anguli-;angulo-
pulmon-;pulmoni-;pulmono-
pycn-;pycno-;pykno
dy-;dyo-
rostr-;rostri-;rostro-
-typy
preter-;praeter
dodeca-;dodec-
nulli-
muscul-;musculo-
synchro-
-logia;-logy
-graphia
-stichous
-orium
tox-;toxi-;toxo-
enter-;entero-
hipp-;hippo-
peri-
museo-
dem-;demo-
lith-;litho-
nov-
nas-
nephr-;nephro-
-ulent
talpi-
-dom
-dermis
ulcero-
-aria;-arium
anthrop-;anthropo-
noci-
varic-;varico-
trigon-;trigono-
-anthous, -anthy
anglo-
pupillo-
vapori-
audio-
mim-;mimo-
dextr-;dextro-
vitell-;vitello-
metalli-
nudi-
echin-or echino-
-ergic
pros-
dors-;dorsi-;dorso-
alg-;algo-
muc-;muci-;muco-
vitr-;vitro-
roto-
xer-;xero-
api-
viti-
purpuri-
alco-;alcoo-
neutro-
duo-
scytho-
norm-;normo-
rhopal-;or rhopalo-
dich-;dicho-
-ula
ungui-
vari-;vario-
aur-;auri-
undec-
pulmo-
venti-;vento-
metall-;metallo-
musc-;musci-;musco-
viscer-;visceri-;viscero-
ven-;veni-;veno-
-ella, plural -ellae
-ulus
-ergy
mes-;meso
ultramicro-
-ulous
excito-
dem-;demo-
irid-;irido-
ichthy-;ichthyo-
sali-
somni-
theoretico-
dodec-;dodeca-
squam-;squamo-
flabelli-
cirr-;cirri-;cirro-;cirrhi-;cirrho-
pallidi-
-gram
-fid, -fidate
sil-
cerebr-;cerebri-;cerebro-
dextr-;dextro-
idolo-;eidolo-
feto-;feti-;foeto-;foeti-
oro-
gramin-;gramini-
phob-;phobo-
embry-;embryo-
stann-;stanni-;stanno-
fibr-;fibro-
toti-
rect-;recti-
quinque-;quinqu-
taur-;tauri-;tauro-
onych-;onycho-
sphaer-;sphaero-;spher-;sphero
balne-;balneo-
utricul-;utriculo-
etio-;aetio-;aitio-
hier-;hiero-
-clast
preter-;praeter-
-gerous
gingiv-;gingivo-
flav-;flavo-
prosop-;prosopo-
lumi-
pylor-;pyloro-
disc-;disci-;disco-
saxi-
potam-;potamo-
styl-;stylo-
ana-;an-
pinac-;pinaco-;pinak-
oen-;oeno-;en-;eno-
taut-;tauto-
stauro-
plani-
pil-;pili-;pilo-
-gnostic, -gnostical
icon-;icono-;eikon-;eikono-;ikon-;ikono-
ov-;ovi-;ovo-
cis-
ped-;pedi-;pedo-
platy-;plat-
mandibul-;mandibuli-;mandibulo-
fluvi-;fluvio-
olig-;oligo-
hom-;homo-
igni-
-eous
picto-
gloss-;glosso-
hepat-;hepato-
-gony
son-
-parous
aur-;auri-
cortico-
sensori-;senso-
penni-;penno-
arct-;arcto-
-style
luci-
hier-;hiero-
fili-
reno-
dich-;dicho-
remi-
acuti-
cum-;cumo-
pinn-;pinni-
dy-;dyo-
crani-;cranio-
jejun-;jejuno-
menti-
glauc-;glauco-
palmat-;palmati-
pycn-;pycno-
pentadeca-
intra-
ornith-;ornitho-
-itious
lamin-;lamini-;lamino-
calc-;calci-;calco-
abio-
maxill-;maxilli-;maxillo-
anth-;antho-
lingu-;lingua-;lingui-;linguo-
-plastic
ore-;oreo-
reni-
infra-
tessara-;tessera-;tessar-
homin-;homini-
insecti-
sexti-
scapi-
resino-
adip-;adipo-
scapul-;scapulo-
is-;iso-
crini-
lumb-;lumbo-
anthrac-;anthraco-
opson-;opsono-
-plex
medi-;medio-
phon-;phono-
aqui-;aqua-
alveol-;alveolo-
hagi-;hagio-
dors-;dorsi-;dorso-
alb-
-stich
home-;homeo-;homoe-;homoeo-;homoi-;homoio-
mari-
caud-;caudi-;caudo-
pedi-;pedi-;pedo-
clavi-;clavo-
fissi-
-grapher
ischi-;ischio-
supra-
-colous
-graphic
matr-;matri-;matro-
-pleura
pisci-
onomato-
sacchar-;sacchari-;saccharo-
-id
cario-
-ped
-oid
physi-;physio-
lan-;lani-;lano-
-oma
-onymy
embryon-;embryoni-
super-
soli-
per-
tonsill-;tonsilo-
chor-;choro-
seti-
labio-
gall-;gallo-
postero-
franco-
mell-;melli-
sept-;septi-
-florous
epiderm-;epidermo-
plumb-;plumbo-
periton-
molybd-;molybdo-
cupr-;cupro-
ostre-;ostrei-;ostreo-
pauci-
sex-;sexi-
later-;lateri-;latero-
spongi-;spongio-
palato-
sinistr-;sinistro-
ferri-
flori-
splen-;spleno-
taen-;taeni-;taenio-
sesqui-
pelag-;pelago-
ossi-
phren-;phreni-;phreno-
-specific
rani-
pene-;pen-
ter-
fluor-;fluoro-
abdomin-;abdomino-
-sect
axi-
-phone
-sis
stib-;stibi-;stibio-;stibo-
traumat-
nos-;noso-
cephal-;cephalo-
afr-;afro-
-corn
paludi-
ocul-;oculo-
granul-;granuli-;granulo-
pomi-
spin-;spini-;spino-
nitr-;nitro-
-ote
chir-;chiro-;cheir-;cheiro-
amphi-;amph-
-pepsia
-pepsy
ferro-
sero-
-para
aeri-
phyl-;phylo-
heli-;helio-
tellur-;telluri-;telluro-
reticul-;reticulo-;reticuli-
ultra-
febri-
fruti-
selen-;seleno-;seleni-
stamin-;stamini-
parv-;parvi-;parvo-
spatio-
haemat-;haemato-;hemat-;hemato-;haemat-;haemato-
-semic
bronchi-;bronchio-
